HFD_CH1,HFD_CH2,HFD_CH3,HFD_CH4,HFD_CH5,HFD_CH6,HFD_CH7,HFD_CH8
1.0188743271612013,1.6467808633807257,1.308661585846798,0.0,1.6460138111263014,1.1598326025785124,1.293189344975593,1.0851493387449263
1.29272826206729,1.2824493754702373,1.298007231124317,1.218141779734247,1.2193922504470145,1.2259377409256669,1.3550622268861952,1.2416493688678856
1.0076166453425313,1.0012380486915298,1.001041043276552,1.0427253286488731,0.0,1.0164671467056932,1.1845085301733482,1.0000737935259394
1.2955379540204905,1.3137185205284063,1.8940821222941133,1.3047826209568483,1.292827065968736,1.2840882147462784,1.285472053878153,1.2063395040851392
1.2728424022336902,1.2332622887023401,1.19912349542503,1.2980802134924088,1.2939724248619224,1.294361506136374,1.4637751909856218,1.3297322943629921
1.1503274605784297,1.2727745215757522,1.2158407803858455,1.111145244686347,1.1719135080786955,1.1678521347014699,1.1794761566551972,1.1334286897338055
1.4239273375810249,2.15805785450393,2.6374685241966964,1.7232066479815185,1.6543710309972786,1.5444455121019,1.5925012972746502,2.6137833153850587
